9.691581642651514450e-02,2.239155773119817783e-01,1.041734577847055337e-02,-1.866196145485930422e-02,-8.397494521132395362e-02,2.737665214246803314e-01,-2.762377915287968916e-02,6.592413550999216831e-02,-1.377678232735174424e-01,-1.196213481582249077e-01,-4.260844271382435017e-02,-9.239572654559005671e-02,-1.029498054492357650e-01,-4.217920729257741697e-02,8.308322276538107620e-02,4.407867228761098988e-02,-1.694067080027173988e-01,-2.346290094489349998e-01,-4.264268624286398079e-01,-4.157262282948899212e-01,2.975797093867915688e-01,3.223011299540313734e-01,2.635215469739424776e-01,-9.277193145677559150e-02,-3.872358118646545416e-02,-2.514161423881830504e-01,-7.203440384271565800e-02,2.603301170651600369e-02,-3.537389577942006563e-02,6.446154836018162804e-02
1.118418027856168256e-01,1.720750059898504825e-01,-2.321308897586459585e-01,-4.890044647039103881e-02,-1.528790667877657217e-01,-1.722103877533682006e-02,-5.000430824185640721e-02,-2.771029404995194526e-02,-3.899354268147135760e-02,-8.913577094562588621e-02,5.854950757160463926e-03,1.131705491325626749e-02,4.106086095920637169e-02,1.226945113617660260e-01,2.691960859523511163e-01,3.703461452837307211e-01,-1.725757161765944028e-02,2.877864397376422509e-02,3.820192709590577301e-02,-2.463257345008566523e-01,-3.826852542675812652e-02,-4.540187285367526249e-01,8.974947922560719271e-02,1.137654075273574483e-01,-4.199042597445319935e-01,9.896873526854428615e-02,-2.039020792260595460e-01,1.605962324493827587e-01,2.631126621020508580e-03,1.069873449384714931e-01
2.285456355422756103e-02,2.122655849836489750e-01,-3.751075680753081926e-02,1.182589754229241980e-01,4.878682640150096284e-02,1.615011595933386612e-01,-2.125966601021442026e-01,1.095264661530935824e-01,-7.512245236085882127e-02,-9.497854752371771847e-02,-4.252881831662360529e-02,-7.119102833824123011e-02,-1.133028547187901747e-02,1.343126260042376008e-01,4.144733492235079808e-01,-7.449712635392356785e-02,1.396764183669398918e-01,-2.641157712342510205e-02,-1.683735412953219213e-01,1.140143461941766356e-01,2.399780526312529916e-01,1.448331210156267590e-01,-3.108135690432843878e-01,8.954061821979991675e-02,1.395058654043724311e-01,6.218118794292519513e-02,8.788700151917353681e-03,1.384592736219185105e-01,-1.008316659472487664e-01,-4.342342869769827418e-02
1.056275911877851414e-01,1.435041438638459954e-01,2.533062075465178017e-02,-1.178139942949619351e-01,-6.163041338243746559e-02,2.584535425124544483e-01,6.876027159276235090e-02,-8.723597197273233461e-02,7.626313280708436892e-02,-1.505063220157144832e-01,-1.012449926334026418e-01,-2.764630834669136727e-01,3.569104737097227309e-01,1.610384109882288250e-01,-1.701303083899060459e-02,-3.194034694588498979e-02,-2.391115309405537070e-01,-4.321874865273653797e-03,3.890179307175273826e-01,3.458199181893271273e-02,2.520970961705378266e-01,-1.060601429958105274e-01,1.821931359864929767e-01,-2.507970287428645251e-01,3.999327613484560118e-02,1.296146240913427679e-02,2.234143524446695617e-01,1.143969107287308093e-02,-3.117913007687728166e-01,-3.169521854812432787e-02
8.791020593668676109e-02,2.075350690947174170e-01,-2.271113634539829659e-02,-2.761651921998420009e-02,-1.262383452881588042e-01,2.484266957888169591e-01,-5.217141239911255585e-03,-6.857632146437082910e-02,-9.139148738969923857e-02,1.751457353101329162e-01,-8.825032542955298792e-03,2.537422218987553379e-02,3.295843866754181138e-03,-6.149966917374280473e-02,6.183896369736446852e-02,3.466904125689898031e-01,-3.439886443034149699e-01,2.066441951400085353e-01,2.359185251758054713e-01,-2.850006800746739399e-01,-2.936765722402727707e-01,2.846809414304519725e-01,-4.740513041620795232e-01,-1.702449254138619639e-01,6.071486855363631557e-02,-3.843055915076988571e-02,8.727947915426063907e-02,-3.216051737042522219e-03,6.539970486145836592e-02,-9.903683239489473322e-02
2.714237532400890496e-01,-5.078351056999821367e-01,1.385144745950863676e-01,1.923274756907445704e-01,-2.635771012344430009e-01,1.004677497850533369e-01,-1.616549244682191355e-01,8.633016464502708820e-02,1.444344899635393448e-02,4.681033437323785240e-02,-5.928870743276310612e-02,-3.630315796914442700e-02,3.368704436359463983e-02,-1.315425966666318447e-01,4.009553191061426825e-02,6.713279614894944805e-03,4.252425212586893183e-02,-4.432592806884339681e-02,5.989014053980450114e-02,-5.690649842857571639e-02,-3.073519392498779215e-02,-8.773582824653803833e-03,2.037704479753111100e-02,4.849839418456024231e-02,-1.259125222937001153e-02,-1.398953253784924501e-02,-2.493285103464407126e-02,2.323828509071934958e-02,-5.425470623259192465e-03,-2.553278740196461907e-02
2.307195243652916672e-01,-5.119728714106053236e-01,1.360923461678662238e-01,2.012843402476341415e-01,-2.785128496749694760e-01,1.051713026249877364e-01,-1.111348082307487689e-01,3.078831952567451929e-02,3.415060129867229961e-03,1.783434225687040992e-02,-6.692792957398380205e-02,-2.248469050059931709e-02,8.121011567182608026e-02,-1.547465604295740760e-01,5.903642989202514263e-02,-2.709970600773844995e-02,4.519500880429560413e-02,-7.019622339521028320e-02,6.523542669663258409e-02,-1.132728970264122448e-01,-5.123617806258573548e-02,-5.165218427219327689e-03,6.438922573085877066e-03,1.279905057331026386e-01,2.698997192043255805e-02,-5.502578422228308896e-03,-4.204124169163512420e-02,6.405042566101278034e-02,1.651608293251714127e-02,-1.875088503171187804e-02
2.204713262202664670e-01,-1.392530480301419071e-01,3.553211661370803132e-02,-2.337347365849808956e-01,2.405650705018481383e-01,6.955513476037802900e-02,1.401571771690751644e-01,1.635855999757200308e-01,3.118767345419615547e-02,4.134722728523331642e-02,1.029582207629897994e-01,1.421298820420568709e-01,2.275651474604208080e-01,1.368416368867631239e-01,6.156422695132661438e-02,2.185376161460817479e-01,-2.143498812784836588e-02,1.071648971124226080e-01,1.697758570204358636e-02,-1.204075735960066784e-02,1.012100076789258091e-01,5.374706360576406161e-02,1.657990256328401579e-01,8.233672493685352534e-02,6.298906815753356481e-02,1.156527311860795215e-01,1.942711369570028490e-02,-2.408423818681389994e-01,-2.254125765115342073e-01,-1.780454896562449207e-01
7.058918117840386197e-02,2.343261358823371110e-01,4.804501323147626624e-02,-2.186566995707451069e-02,-5.610141740436833807e-02,3.270185270986935011e-01,3.825267870846358470e-02,2.269205386580634698e-01,-1.988399243520335702e-01,-3.987643497950576488e-01,3.940058479044077772e-02,1.070973513078583572e-01,-1.950186485887803189e-01,-8.897134243785187468e-02,-1.490482131423402912e-01,-7.380353962043607885e-02,1.336913779733472363e-01,-6.189164412026042922e-02,4.823297881879332061e-02,-5.111385264687547808e-02,-1.046199045743113343e-01,-3.594343522147024766e-02,5.393316224095646982e-02,-9.066268037489776110e-02,9.045623476910505043e-03,-1.008499058000070919e-02,-9.121701195305119414e-02,-6.568586410821009025e-02,-1.789482208099557603e-02,-1.954770355744319121e-01
2.387811530169326457e-01,-3.559386357757842179e-01,1.320739859042310005e-01,-7.385893464071266457e-02,-1.457719607058150235e-01,1.187473375689669097e-01,-1.557983978956136752e-02,-1.896577208270258663e-02,1.019490007695958850e-01,-4.904687640225203170e-03,-1.548829126266496395e-02,-3.397151135640563008e-02,8.990138589303195427e-02,1.737388453138399499e-03,7.070119499010461134e-03,-4.402039601519467521e-02,7.094193239334526530e-03,-6.360158683542391223e-02,9.878330823205661027e-02,-1.734160284126482487e-01,-2.243080270495623543e-02,3.375593408409958279e-02,-2.654504484094087624e-02,3.431868856316959704e-01,9.334800205269871975e-02,7.555839503844910543e-02,-1.060323588453649379e-01,7.723390477750628758e-02,-1.110904109250718808e-01,-4.405540783825011991e-02
2.849453020616897203e-01,-3.185864852832741012e-01,-2.200071746541291950e-05,3.005542052050658164e-01,-2.166202066840405560e-01,-4.817269830660513702e-02,-1.607496189066901504e-01,6.966394675238241074e-02,2.089944560824436026e-02,3.098118226367268038e-02,5.875577579379472754e-02,-1.194215298481204751e-01,-1.089418092861320075e-01,5.322531337994072798e-02,-3.875693112102036875e-02,6.565083750051362022e-02,2.015740689188437809e-02,-4.598880456905270198e-02,8.891758741005020839e-03,2.051622428207268700e-01,1.375281365848056436e-02,-1.290664868793400810e-02,-2.053439307761627253e-02,-2.141214905571934835e-01,-9.716872198502198021e-02,-8.610413101459223062e-02,6.975645593719889681e-02,-1.009291718056223586e-01,-5.285450245797363583e-02,5.918419583360666480e-02
3.274254547151734807e-01,-5.160891313049170703e-01,1.477475818173543676e-01,2.065122123924310604e-01,-1.958417301825126078e-01,4.010482763155798908e-02,-1.737795265014070722e-01,1.060386336952112152e-01,-4.359599837679001971e-02,4.159924087984358254e-02,1.844794717390922309e-02,-6.841478769403477878e-02,5.729760930374617339e-02,-8.871310898340206696e-02,7.348675136309105321e-03,3.765624741235824857e-02,5.420477948754243158e-02,6.465857436588354212e-02,7.867592519187355943e-04,1.004246747170562878e-02,9.894343642799060395e-03,-8.908718003243065037e-04,5.683253842498738745e-02,-7.987973157999325724e-02,-1.747213081339145380e-02,-1.292735194568076819e-02,2.233785414434629607e-02,-2.697268115032375874e-02,1.533317537235001811e-02,-3.434102515204875278e-02
3.222088739939754642e-01,-4.689368960019977273e-01,1.277046735240939535e-01,2.362683446921980956e-01,-1.677191438939459045e-01,2.054811836485387171e-03,-1.728449352849276699e-01,9.661383686892592582e-02,-4.486892078593221478e-02,2.631864293663424559e-02,6.110879513116238004e-02,-1.085437437386254367e-01,-4.913314088868730306e-02,7.217470536001546234e-03,-1.576980190957091854e-02,3.269609815536850261e-02,5.351267851708841478e-02,8.222392186219737442e-02,-3.346820413042758680e-02,7.788352418041430414e-02,5.345756634817601383e-03,-2.034931530804808680e-02,3.145161746027573535e-02,-1.924036294511197731e-01,-4.312815651364312886e-02,-5.589006436957832946e-02,3.408403347658656851e-02,-6.124212313876752772e-02,2.075305393173989404e-02,-5.277951819913031910e-03
4.768065030079809974e-02,1.824122005056643542e-03,-3.767021822172855749e-01,1.269025326273429122e-01,3.116290954267511015e-01,6.032344323667557240e-02,-3.476772701529470266e-01,-1.066616465411972525e-01,-1.743826049323284333e-01,-8.985874639550071874e-02,2.628869806939754597e-02,8.439364431920493709e-03,-4.499442848756523422e-02,1.941314941011599016e-01,2.209364651331388041e-01,-4.809166872505498541e-03,8.751486781223549727e-02,-5.317282187919035452e-02,4.500667633384559940e-02,5.696507432366331586e-02,-3.067395745955923958e-02,-8.138340907472962210e-03,-5.226883933731113485e-02,-3.409858137202822354e-02,7.426020022369601847e-02,1.514473796762386484e-02,-7.236247090739607313e-02,-7.945767327152983284e-02,-6.759330112641744048e-02,-8.056014249321187537e-02
7.428447254713863024e-02,1.424148429115043406e-02,-3.080215071710664110e-01,5.190872076509125965e-02,1.792395427843922473e-01,5.667604173307305704e-02,-3.875380512731715354e-01,-8.499387523039456105e-02,-1.229232800651828550e-01,-1.500525972836367489e-02,2.781740855725162859e-02,-1.860190377064448175e-02,-7.317282860523590358e-03,4.338920545198082790e-02,-1.759319983435539969e-01,-2.512894863965856596e-01,-1.641647637343738031e-01,3.137990987293357015e-02,1.588981817025014731e-01,-1.097445359645188995e-02,-1.794967614665797170e-02,2.212160931218717375e-01,4.818838410508561459e-02,1.869894783651231407e-01,-2.502504158493071840e-01,7.083257107745105641e-02,-3.692087614434759468e-02,-4.546482449195632380e-02,5.618890562205296202e-02,2.791393177669575232e-02
1.515144833261392321e-01,1.526386758196099924e-01,-4.361941247685106049e-01,-1.020157548046822793e-01,-2.951720096773381430e-01,-2.378862201396323706e-01,-3.774095589814036034e-02,1.360308712902836940e-02,3.475989673167447641e-02,-6.188309216295675985e-02,4.500200124347558672e-02,1.868631659004395956e-02,3.386945673508407612e-02,8.200160199383613180e-02,6.981049820157075869e-02,8.524173206294342886e-02,5.206399886672643390e-02,-7.733914941600830012e-03,7.845733269517641412e-03,-3.009787912131939303e-02,-1.718901520213189302e-02,-8.866949343799243599e-02,-6.720333939453553354e-05,3.694379107477783857e-03,-2.355417445047400943e-02,4.034460958878488546e-02,-6.791811019003117511e-02,5.141265096718890260e-02,2.668857189058554402e-02,9.649207631055676387e-04
8.337966834179773301e-02,2.005943566776989540e-01,2.357681350722187763e-02,-3.065025480211470976e-02,-6.921819598434020282e-02,2.258191015765561027e-01,8.076116260308127681e-02,5.356942163229329312e-02,-8.909494258773348677e-03,-8.332700174042872998e-02,-8.997229030977159370e-02,-8.158765468973053214e-02,1.994950244679364881e-01,-1.555151991185942453e-02,1.870849794839195973e-02,-1.444472995777512092e-01,-4.141006656169042566e-02,7.586139820035293566e-03,-4.424202710118192439e-01,1.506394941861831094e-01,-5.349109179660277436e-01,-7.396428227185143645e-02,-2.521431873743771798e-02,7.972329494800317606e-02,-2.658620643973214070e-01,-5.853651161705181877e-02,2.376739799750008375e-01,-5.289753940292291068e-02,-1.753585849842722588e-01,-1.101815520003939508e-01
1.875355983156661854e-01,-4.233862133903865121e-01,2.016228035721110215e-04,-1.655330938748712510e-01,2.239038369438635379e-01,-5.389787031657074928e-02,1.401771411742397944e-01,1.168183506219231671e-01,-5.449412588084894676e-02,7.704860000481073001e-02,4.973087066552541596e-02,5.973582593564256277e-02,-1.630952638300783505e-02,9.808395908522254958e-02,2.183694163622979661e-02,5.389738489334722910e-02,1.431289624917510966e-02,-4.330683689088363209e-02,-3.026650279715493649e-02,-1.791028792109988083e-02,-2.415041351212081702e-03,1.163472867547161310e-02,1.971390331052761975e-03,4.820374752135202223e-02,2.367370136586411516e-02,2.655864190191824237e-02,3.261913067512450110e-02,-6.352605421422258258e-02,-6.409230016711525701e-02,1.902943524498855628e-03
2.579882537231661943e-01,-3.776253886027297613e-01,1.911858760369155030e-01,-4.587016508809452220e-02,-9.117098066379281107e-02,-3.595684751614880437e-02,-1.128236728143047901e-01,-8.503207059903304665e-02,-7.293813601364227198e-03,-5.878139203995578349e-03,-9.640733660560320273e-02,1.230987210538609100e-01,-7.373613413174222309e-02,2.560913964675590876e-02,-5.794497484216167699e-02,-7.482773035266156170e-02,-5.812770184658622163e-02,7.920275380994887260e-02,-2.830461385565946272e-02,2.463367518096109404e-02,3.650518185032149837e-02,-1.731726684694956386e-02,4.382642259777320970e-02,-1.337731548521353397e-01,9.962292835131912605e-03,3.995523690459318322e-02,-6.506205134043231697e-02,1.664703489331267883e-01,1.177286622002323840e-01,-7.599129596080464455e-02
9.938209407314524402e-02,2.719057716773095115e-02,-3.194142559437032625e-01,2.473855140458776358e-01,2.815757839536088825e-01,4.203000386844561731e-02,-1.670564809977907461e-01,-6.467342636329298511e-02,1.158767050298683821e-01,-1.638581842396628907e-02,-8.683993825873900785e-02,-1.685688066149163347e-02,4.565594001334558061e-02,9.729229716651868753e-02,1.499444245574713397e-01,7.985857495264073180e-02,2.226402365955387763e-01,5.081525068942260685e-03,-1.096672557193170694e-01,4.752985376172970400e-02,-3.262414109777636573e-02,-1.322174666600651194e-01,-1.700748855616679711e-01,-1.601374444124367136e-01,2.182721944781258472e-01,-7.081209423575551831e-02,-9.119348922036579763e-02,4.965799217386258901e-02,-2.658739481605874866e-02,-7.090199039074812637e-02
9.599557370878558649e-02,8.609991267110608804e-02,-9.496858987915200723e-02,-8.911095567968971287e-02,-9.505052449018916438e-02,1.748496641880697630e-02,1.935524361192900514e-02,-4.598724995537815247e-02,-1.854542403066851142e-01,-2.500808965665500191e-02,-1.603925353412227472e-01,-1.244310173472584075e-01,1.180437527740709619e-02,-2.861527921661500828e-01,-6.680497300377191694e-02,-2.345624558620508504e-02,-3.858591692877346713e-01,1.415417703470103206e-01,-1.093379629974026712e-01,2.260396042886020362e-01,1.309264896299274228e-01,-2.896317315563966543e-01,-1.433224099767552440e-01,1.874182072134381594e-01,2.033071277061712090e-01,-2.172052700058745567e-01,-3.849511777435241644e-01,-3.642750168777282305e-01,-4.815255974342844830e-02,4.925627208454352174e-02
-2.506603444415461679e-02,-1.861593024189626411e-01,-1.109522645547057207e-01,1.371306041412702348e-01,1.762244340277076271e-02,-8.154220340941743805e-02,2.262452509897124320e-01,-1.641425357496892057e-01,-2.416429288463925462e-01,-4.129943636876542978e-02,-1.947064220258766243e-01,-6.073974286172527381e-02,-4.854339975271894370e-02,-2.635118529065906268e-01,1.163954040274878254e-01,-1.043283044776794205e-01,-8.853310398814839832e-02,3.209055803655769951e-02,4.078203020804603562e-02,7.491525326978887289e-02,5.621800126861507818e-02,-5.075547430039145484e-03,2.611357219868397361e-02,-3.178428920144200920e-02,1.603075177843766783e-02,1.621327881067818888e-01,1.904046075863917789e-02,1.338232681479434028e-01,4.827344979210486386e-02,-5.243021889774725219e-02
1.837784687046785104e-01,1.457452297100418070e-01,-4.469506946518521096e-01,-1.652036225416323445e-01,-3.590847310551914529e-01,-3.153419071772787241e-01,6.609727941636263891e-03,4.793075545229674717e-02,5.105519702910657487e-02,-4.036515826017425534e-02,3.575886591434601636e-02,4.528807894493610403e-02,6.557723091476852506e-02,1.325674842597426156e-02,-2.136087265190139695e-02,-6.005124009630388726e-02,8.129108131003956461e-02,7.931668767811554666e-02,-1.858601038547322629e-02,-7.056862877616604246e-02,2.425161978084747899e-02,2.986456349940540961e-02,2.763249304347918656e-02,-3.294465250837397968e-02,5.034989550999616204e-02,5.045027592787813819e-02,6.331275275380618406e-03,-3.368549779265544997e-02,2.946580087788773505e-02,-2.804859463598239830e-02
2.612908622029317951e-01,-3.740244853560237837e-01,-6.075323770119667177e-02,3.609268892350087077e-02,2.256757436328799271e-01,-7.405371885592168177e-03,1.675371985411141518e-01,9.672342929968816283e-02,3.322453478810973720e-02,5.868296180998001932e-02,1.129900200151457909e-02,7.495499306324375499e-02,5.828312679785179959e-03,8.634260917660128987e-02,-1.226723174946661374e-02,9.537020073336030523e-02,5.986767427507146827e-02,2.107448067874743286e-02,-4.355322339615065597e-02,6.065898673776280725e-02,1.153244629695684802e-02,2.875649464644017966e-02,1.994232755035845253e-02,-1.592767309669081144e-01,-7.668708731069365236e-02,-6.106543628272682878e-02,-1.047931161000374353e-02,-1.313842882545305513e-01,6.952308817778046768e-02,4.083622524022560013e-02
1.031501483045116213e-01,2.300864995921448608e-01,5.038247565951135126e-02,-1.561137536912834273e-03,-4.230076223699751753e-02,2.619160426378310813e-01,2.688108305004634907e-02,1.826916574317947739e-01,-1.557370552775728112e-01,-3.490620799064441115e-01,-8.060873672077660534e-03,1.130035362912276548e-01,-8.626494140490198470e-02,-1.833283337820754699e-01,-9.205312870882231824e-02,1.324069868649062620e-01,2.271238241151125048e-01,5.911686651255510655e-02,1.670506612342371744e-01,8.874291175407186816e-02,1.332725046266852453e-01,1.951491663306373012e-02,-1.472906818519382210e-01,1.565355531558783042e-01,5.831006779860224698e-02,4.543946251315741924e-02,1.909830157596140998e-01,7.928847550595446991e-02,-3.648961785095060362e-02,4.180168105240670284e-01
1.090896416594940022e-01,2.277680727031728414e-01,-1.077275697969101026e-01,9.397782852224766809e-03,-2.005740838702636808e-01,6.487458007823854178e-02,1.493971696147506495e-02,-3.424390722125102149e-02,5.108509558193220605e-03,-4.601506350416879540e-04,1.699813290048028322e-02,4.943939919080618528e-02,-9.997118380640549612e-03,9.370691532294486703e-02,1.092726129252622747e-01,3.388032006531106477e-01,-1.186751806822538280e-01,-2.434961736579862868e-01,8.894223793364913755e-02,3.741288287556651104e-01,-2.160960649287994584e-01,1.760241033514488573e-01,3.740155408808135684e-01,2.352755043800225931e-01,3.223513740022013185e-01,-9.653216013581114585e-02,4.207032316953278339e-02,1.082018673356831967e-01,2.687220226302723391e-01,-1.097770598595157326e-01
1.706112997292300593e-01,1.243719819244848944e-02,-6.032271897559929319e-02,-1.445670096897640200e-01,8.873163000352213281e-02,-9.846664045499511908e-04,-1.877510214116135182e-03,1.093565326707278129e-01,-1.800916007262309826e-01,3.344540632364348398e-02,-5.693685995983847892e-03,-9.815403253314478049e-02,2.040055582379225463e-01,-4.630513564136821969e-02,-9.286166270519463639e-02,-2.231731272382139059e-02,-1.362512081661036711e-01,2.406672370863046362e-01,-1.768693771834022044e-01,3.276502138264458242e-01,2.744576829688468583e-02,1.776383465615108126e-01,1.549437957402783304e-02,2.729676876902040195e-02,-1.408039433584866440e-01,1.245696586762808367e-01,-2.762454946775333431e-02,4.126025096481082954e-01,-8.989721299877645455e-02,5.722741077798219889e-02
1.969189653264810103e-01,-3.466018821193191934e-01,5.572036738057156713e-02,-1.147302861267870538e-01,1.346186397111218958e-01,6.290010237061005594e-02,3.464789664980725825e-01,-1.657792874491205715e-01,3.411705992105625029e-02,-1.321966558521261159e-01,9.071038528735538009e-02,9.518730797492297446e-02,9.798234190932011978e-02,1.746297491395253365e-01,5.217432626414032770e-02,-8.827794656573373366e-02,2.817690444135792852e-02,-3.372495312419011848e-02,-3.359423180562223776e-02,-8.699094700563796134e-02,-6.619781819313208526e-02,-7.788088428404156202e-03,-4.064449678618388406e-02,5.622686558311076888e-02,4.528960896318129370e-02,-7.568739117638104141e-02,1.823754946830487278e-02,-6.563342694897594809e-02,9.559150442355100752e-02,1.185726587533621756e-01
1.149373646829592033e-01,7.420388089732961323e-02,4.313653573302305561e-02,-7.175259218812447826e-02,2.120912779965542783e-01,8.581814540840801420e-02,1.953800655098111849e-01,2.616714228230235806e-01,1.049305172675886744e-01,6.834248831017133985e-02,-1.328013653311299891e-01,-3.779585956384366729e-02,1.572362005544721275e-01,2.161113492486849488e-02,-3.064399544175106307e-02,1.802902552479715148e-01,3.608966329259827646e-03,2.143456155545967606e-02,2.840627663224238198e-03,1.819894817190095548e-01,1.429831896587408779e-01,1.721073405358109487e-01,5.821461514699585033e-05,-6.976972883751894616e-02,-1.900874013928248729e-01,2.237601384786159220e-01,-2.904330950083467977e-01,-3.906762139076545154e-02,2.503140604810654146e-01,2.529693172154887787e-02
1.182457660899812468e-01,-4.458031667283672284e-01,-3.392059302072173571e-02,-4.401731409775236359e-02,1.021698589690560738e-01,5.981847665982843731e-03,2.717230839016151478e-01,-1.279322975353834879e-01,-4.361819116939021079e-02,-7.112476323044567006e-02,7.731544020162751940e-02,1.306104735105499404e-01,1.177771229044322909e-01,3.365797485024240449e-02,3.987660734928367978e-02,-8.946316454584493649e-02,2.523290438867951263e-02,-3.521956580669116654e-02,-2.897243352014377757e-02,-1.212319901694136615e-01,-6.568432399106383102e-02,1.409563555989099860e-02,-3.895385048866768091e-02,1.431493249021185965e-01,6.942341170389726424e-02,-5.678852599231147547e-02,-8.097618377162826148e-03,2.113136505230838944e-02,5.549759447622566039e-02,6.509998867616531570e-02
5.199084791559459989e-02,-5.174547825405867441e-02,-3.840372093061192316e-01,6.556787196995145228e-02,3.778581140481508949e-01,1.261606602445607475e-02,-2.709038038809712390e-01,-1.643858121713320519e-01,-1.748915209663438886e-01,-2.836545842351754360e-02,1.233025418898259784e-01,4.398105660714088372e-02,-1.858651205458641820e-02,4.726253808468444673e-02,-5.152529692510894599e-02,-1.260853088213473583e-01,-6.489756836541490936e-02,-8.537788998698926657e-03,1.357955412611249746e-01,-3.048264162848068545e-02,-6.670688537630709014e-02,1.221030167170322478e-01,1.121169751333149500e-01,6.951912698241968780e-02,-1.418044332946060415e-01,-5.926574471022562351e-02,1.265833106424221061e-02,-1.184064458875457027e-01,-4.893459246157920613e-03,3.350137562804855751e-02
9.564556718229452748e-02,2.516111503006083217e-01,-5.051824357245032066e-04,5.809625858775766330e-03,-1.500810604214032062e-01,3.129232104965483652e-01,1.357239417059744047e-01,-1.627053697375705210e-01,-1.798291874724378958e-01,5.090289912664828220e-01,1.431592692010332235e-01,1.186812139193717114e-01,-1.492640422289376323e-02,3.901381867296774969e-02,-4.735818473647480931e-02,-7.544141037068714806e-02,1.684539729393496332e-01,4.298586050734579111e-02,3.533919742118398367e-03,9.944625834097360964e-03,-7.829173855149186567e-02,5.343781737336317575e-03,1.033699113138205339e-01,-8.642680976369569723e-02,7.435854576782886804e-02,6.596929124607464612e-02,-1.461560727924606506e-01,9.224019963411740977e-03,-1.506661044669065364e-01,1.667624467555278989e-01
2.134250531166605458e-01,-1.462569303593642123e-01,1.503599512191610976e-01,-2.496086439044201688e-01,-3.030125188110288983e-02,1.815581384199019960e-02,-1.464629128694706559e-02,-1.822889883225742302e-01,8.425897746184590753e-02,-1.044823524365173090e-01,9.720400022337431084e-03,3.010846277344740862e-01,-2.129945350985894270e-01,1.972667038010598728e-01,-5.173341139737142741e-02,-1.540823940008697809e-02,-1.941022470334744510e-01,1.225535637055470417e-01,-1.650177470119681411e-01,5.779214507433182157e-02,1.028199205530364452e-01,-5.055352132620336003e-02,-1.096110985192936954e-01,-4.164937121992943331e-02,1.370639939392553647e-03,4.219048418827935770e-02,7.184600823153300397e-02,1.006577577488995401e-01,4.915074780730372545e-02,2.020697582722154328e-02
2.071306684679280197e-01,-1.371838171567311693e-01,1.750093379893201129e-01,-2.589366766603629078e-01,-1.841300606768241088e-02,-1.586541197482170540e-02,9.549763244535923803e-03,-1.457660582056888310e-01,1.094599135375324273e-01,-6.887221420363776048e-02,1.111911981346177559e-02,2.434528779963129608e-01,-1.959746099610584769e-01,1.685853150289144953e-01,-4.513443462835585451e-02,1.231065699038404702e-02,-1.502482922469608739e-01,4.679742585682632183e-02,-1.271141752342919151e-01,1.010802266664963776e-02,9.562795689312725278e-02,-1.915278940017327985e-02,-1.295710250221406845e-01,7.281186263362558753e-02,1.167136675979600028e-03,5.477892325231638326e-02,6.316018492104141790e-02,-1.675052537424106744e-02,-6.172661483179241876e-02,1.539134949102596850e-02
1.146894945130798454e-01,1.749810625969377975e-01,8.552032357907612958e-02,-7.014960497433830877e-02,-5.232685357403893747e-03,2.732686400783791436e-01,1.017331669517038545e-01,2.156817719581867188e-01,-1.176532440216357112e-01,-3.791008562795653014e-01,7.736389022369712098e-02,2.108821279479032862e-01,-1.249916061236007597e-01,-6.547077470514284236e-02,-2.026216441614066832e-01,-4.284409559089073782e-02,1.825062918465554240e-01,7.289214916574082714e-02,1.357810204584767866e-01,2.473581159667780083e-02,-1.024539285903236924e-01,-7.935973298303401757e-02,3.289905204300375835e-02,-9.047127880629549090e-02,1.294631808284318897e-02,4.354643689787576766e-02,-1.064921334577920986e-01,-1.005527384174948781e-02,-5.921282659580356413e-03,-1.897242400094762416e-01
-2.802894393973107690e-01,-2.107446099550468743e-01,-2.422119010455198174e-01,5.021893241100833238e-03,1.947019110409983489e-01,-1.337708181217186210e-01,4.103418479038477285e-02,-1.531019266531845058e-01,-2.586167375014005732e-01,-3.692649821247033504e-02,1.557103010659832004e-02,-1.502000626359615426e-02,-3.228780955001461089e-02,-2.889413433297995798e-02,4.519489169984672317e-02,-8.027207094802566584e-03,3.162060467748314257e-02,-3.908620445827074019e-02,1.832660884131348880e-02,1.182632969952392664e-02,-4.446519469911789507e-02,-5.309222290911957964e-02,1.464146739568475582e-02,-4.323620929803359547e-02,7.552923146126386267e-02,-6.840769942909716295e-02,5.860691834714110149e-02,8.779626691818745443e-02,-6.354028198898792335e-02,6.428608405888062462e-03
-3.263933228900874339e-01,-1.373115260336482124e-01,-1.475439857270670618e-01,-2.587323996804711396e-02,1.024912859841218549e-01,-8.520572202741805157e-02,3.520476867737962895e-02,-1.535195858062121665e-01,-1.171818401292782502e-01,-3.641645813961385397e-02,1.948378980381904602e-01,8.311367838600694502e-02,4.848655463373836849e-02,-2.135058755939380215e-01,-3.440270277925121245e-02,2.654325660015004890e-02,-8.051833999349142235e-02,-1.511855799808014822e-01,-5.661923982049152371e-02,2.151821940476066064e-02,2.947637887370024509e-02,-6.837808825661591261e-02,-4.313047760127687591e-02,-1.108421647721684056e-01,1.063759722839476354e-02,4.070172967287545573e-02,9.667590777856432949e-02,1.026107143309712422e-01,5.603001254761918841e-03,5.614941337862566079e-03
1.648819566251076008e-01,1.244891723807425299e-01,-4.794168410851633588e-01,-1.651322855078656282e-01,-3.358679011974611273e-01,-3.386161296592044012e-01,3.003718480578287942e-02,5.481848733899404025e-02,5.132301803289639197e-02,-2.089371938555191141e-02,3.785159637977320718e-02,2.541145038467255285e-02,7.632562194266231947e-02,-4.069570798326862388e-02,-5.064648118015250416e-02,-1.065875954104900103e-01,9.651616239375059025e-02,1.113765965082733900e-01,-4.391306177644813818e-02,-7.248207298787819053e-02,2.613260813627406309e-02,5.534071221163067156e-02,1.026211256879892147e-02,-5.569079786727304526e-02,1.040443281644202467e-01,8.937363790732510971e-03,5.117418722409543957e-02,-4.284051938858670500e-02,4.444893407193339918e-02,-2.338947125625121665e-02
1.754475063429637993e-01,-1.304778519152789140e-01,3.428259933968654666e-02,-3.627674319952677306e-01,6.961769797485564681e-02,-3.433498238925596774e-02,-4.654144930512861544e-02,-2.548238339724502866e-01,1.191485628360394594e-01,-2.224488226417527248e-02,4.377647632609964895e-02,-3.591613535530278067e-01,-5.667260956675866657e-02,9.691107250044930094e-03,-1.483601328921932971e-01,-6.013986820922927884e-02,1.506284882557663019e-01,3.984114537326940292e-03,2.609636768126131698e-02,1.087462346729485205e-02,-4.829069788484857684e-02,5.190471399116901308e-02,-4.416865949818914172e-02,6.421098634336210031e-02,5.986764190780743261e-02,4.324805039998499967e-02,-6.723188571107271971e-02,6.247290467493020472e-02,-7.838613086466147961e-02,6.355224220859749355e-03
-6.232816014526959027e-03,-1.198562429864761109e-01,-1.683543048687702604e-01,1.171598746258163404e-01,2.763873993295541953e-01,-9.526077188645259985e-02,3.712712186771493506e-01,-2.083362756608108657e-01,-1.562214547096396344e-01,-2.953821172729159672e-02,-7.082996794524537565e-02,3.560701264807945160e-02,-1.136053052467429908e-01,-1.948608480591739189e-01,1.773160524914185465e-01,4.898761569708498520e-02,2.238493520679504106e-02,4.276492565919816358e-02,2.721259178518721511e-02,6.789609909319898294e-03,1.440329725728186488e-03,-9.687429261325763985e-03,1.077049693559924415e-01,-8.496678471209724581e-02,-2.186668179797635059e-02,-2.673295823802854937e-03,1.066147328221392493e-01,-6.006221247222209847e-02,3.100344665384908646e-02,2.486551421667624467e-02
1.528704613134805324e-01,3.591557237111228651e-02,-1.073247923237114626e-02,2.701439971256041073e-01,-2.291879720235647233e-01,-1.346033176226703598e-01,1.667408445447940424e-01,-5.425085505683276826e-02,1.537934818666258363e-01,-4.776771523787461116e-02,7.702327640068375170e-02,5.006778961849040616e-02,-2.203143360322412092e-01,1.703283490950771584e-01,-3.608854290773676199e-02,3.800794383653596092e-02,-1.540955217652170972e-01,-2.833904673495561966e-01,5.722843325491071276e-02,1.719998560702570845e-01,2.371790699637586070e-03,5.651244591132750794e-02,-9.196351198306224051e-02,8.421022099445386877e-02,-1.257936831747991369e-01,-4.677664678367832174e-02,6.551046442343896881e-02,-5.643403508826694281e-02,-1.583030443298631962e-01,2.010480406666313169e-01
-1.161850227939711516e-01,3.633008162694415649e-02,-3.079085398893225550e-02,2.255236744385806791e-01,2.395804154423290117e-02,-5.599909592258373731e-02,3.542239659736143853e-01,-8.545385229377616687e-02,1.031481038288055013e-01,2.082758701390666906e-02,-2.876032072611517387e-01,5.773022378087643014e-02,-1.040086242629282565e-01,-1.960707776930288859e-01,1.568848746823072737e-01,-8.092986145454435232e-02,2.033762458159169353e-02,8.123602758677970007e-03,6.920154819794660517e-02,-2.331491941204579324e-03,7.428595747422908624e-02,1.234561176850863251e-01,-6.551273643674441691e-03,-3.016053678520291478e-02,-1.682265456587082597e-01,8.483384588237768975e-02,-4.735812646935057268e-02,-1.915979220307172104e-02,-1.093756507811932330e-02,-1.181381597902882719e-01
9.524596291392488367e-02,6.732000119454248366e-02,-2.072147999897853143e-01,1.742362476383274017e-01,2.986217714041271010e-01,6.393582501644125282e-02,-5.466871322828574520e-02,-6.030721401016073818e-03,2.166626519899634840e-01,6.941888986676582329e-02,-8.941530388881727132e-02,6.341332578194235070e-02,-2.763168786155301149e-02,-1.611182164535384376e-01,-2.533450611247871631e-01,1.260972360209546284e-01,-4.435223451540049738e-02,1.510151604883464560e-01,-1.791542411051690389e-02,-1.445689096216574987e-01,2.223163068490825733e-02,-1.564321928245246407e-01,1.541309413391047933e-01,1.015872490557669927e-01,1.154376924209142702e-01,-2.320435928141001414e-01,1.937555063031694558e-01,1.801457710496023046e-01,-4.701791094534360504e-02,8.131444364983353434e-02
1.890044439771291218e-01,1.136556076389925174e-01,-4.237098139647978989e-01,-1.953755662915490077e-01,-3.267468326240378085e-01,-2.745102388051349207e-01,2.538859091734094880e-02,6.872720147947783409e-02,2.097380588831309484e-02,-3.286686288318327320e-02,3.964302397695478042e-02,1.410730596022293469e-02,7.100022401993909271e-02,-3.970798044363890722e-02,-8.632030126201357956e-02,-1.013592591988781155e-01,5.248934991970724551e-02,1.168946850157699946e-01,-6.158417536925722691e-02,-5.781356852374699984e-02,5.072596954716488554e-02,8.526277251588477990e-02,9.961795069186292831e-04,-5.002512591617853249e-02,8.297535221455665244e-02,-1.184246311566421357e-02,1.289273800998528563e-01,-6.290288560087599345e-02,2.646522410657844993e-02,9.124623213813541633e-03
5.287389622073349060e-02,1.356772234232978824e-01,5.195757266796886820e-02,-1.391994906111625879e-02,1.829216899229617679e-02,2.186393451045766656e-01,2.442448284583335072e-01,-9.068665637924591683e-02,1.121607986835665982e-01,-1.906441604427570879e-01,-5.836382268711588772e-02,-1.985657026433602090e-01,3.520808758550777462e-01,1.516294705355417105e-01,6.387897381958863863e-02,-2.682706943015221723e-01,2.477946456782194676e-02,-1.151617172273405043e-01,4.799052661684676674e-02,-4.955238001464981612e-02,-8.987632967574842036e-02,-6.748999931284896392e-02,-8.919562499621597196e-02,-1.727342204368905454e-01,4.109645746692956736e-02,-1.624681497662108509e-01,-7.695242237804904295e-02,4.203833435223221920e-02,3.279197742976459051e-01,1.403297868579010677e-01
-4.619835745003962602e-02,2.373941075005662690e-02,-8.063210868961074446e-03,-2.143215255875833836e-01,1.142873409536448309e-01,6.265672298125585238e-02,-4.153778588415192596e-02,-2.769988540253128240e-01,1.469006099535816734e-01,-5.517805788288901447e-02,2.542784304251994865e-01,-2.499019370610086888e-01,-1.731896099486584517e-01,-2.785391750087035101e-01,6.818481010813657629e-03,3.142830945274800447e-01,1.440760729710811594e-01,3.214625229155169961e-02,-8.879024054556676482e-02,5.358967105992800545e-02,1.740531907580050025e-02,5.188679649233163271e-02,4.042677136162717288e-02,-6.320510257799022424e-02,-1.321954533439926305e-01,8.080023768387048846e-03,6.342496270984532281e-02,-1.345360163401768394e-01,3.966429908290579343e-02,-6.777872668492751496e-02
1.146706189427678380e-01,2.567816410542883010e-01,2.087598128149376620e-01,3.311680362923399290e-01,9.720549939863563915e-02,-1.929751784039935858e-01,6.480452531440770991e-02,6.950369672880986338e-02,-2.282638329214593115e-03,-5.069872179735169897e-03,2.747166286086907827e-01,-1.755020687949152558e-01,-1.045157679485541474e-01,7.149682955415821717e-02,-3.698935176636145711e-02,-5.313463254096040950e-02,-1.034513150005213766e-01,7.546246578486909273e-02,-4.640429376233625586e-02,-7.534271331412203954e-02,-2.616626242938241724e-05,-6.542522752355470206e-02,3.008032762909135238e-02,-5.646259112964777116e-03,8.965982671972660967e-02,5.877833614549619196e-02,-4.209827789472407600e-02,4.806094277721491281e-02,-2.825245881466358078e-02,-9.061663253027713028e-02
8.320702280949061891e-02,-4.877961363490566915e-02,-1.272454947476835130e-02,-3.461512722288755395e-01,2.507598266521377517e-01,-1.238742472736633904e-01,6.720220929251739805e-02,4.653115572601717598e-01,-3.424997361095102888e-02,2.314860138480455132e-01,-6.519143431929159960e-02,-1.032932894128488488e-01,-1.539480624512965801e-01,3.011115160608846680e-02,-6.318836973455568828e-02,-1.377178276897378026e-02,-2.607162642463605948e-02,-2.568770004951514419e-01,5.729090487022855949e-02,-5.763343964324026125e-02,-4.351785629769882452e-02,-6.542213516824378627e-02,-1.017602245932887201e-01,-7.349416512004222982e-03,6.577623622294446332e-03,-4.353697568207517965e-02,3.735882110888756602e-02,5.284821216914525194e-02,-1.002383702603709160e-02,-1.411603724330118270e-02
9.119215680833116233e-02,2.251219379789178021e-01,1.687370506264886019e-03,-4.188248083544809930e-02,-1.314679711215099578e-01,3.101445851120348540e-01,3.126109268074548503e-02,-8.817560265127148689e-02,-1.170156185326787918e-01,3.262355076087793959e-01,3.419470401816204763e-02,-2.272367773463558789e-03,-1.555275975819839056e-02,4.622939257788032108e-02,-2.460383820181584122e-03,-9.889330227686692065e-02,1.079796093023607934e-01,-4.205975129184814226e-02,2.839797503715397672e-02,7.046621260018326449e-02,3.587180895027287653e-01,-2.265326935245350337e-01,-1.176464355585736254e-01,2.180490918785344401e-01,-1.945319354072602702e-01,-1.278436555427541199e-01,3.387857755408868465e-01,-5.678867289972066440e-02,3.147741366011453934e-01,-3.538539443031219478e-01
3.901439135830481186e-02,2.030475657333011275e-01,-1.737269192617480473e-01,1.946435587698943370e-01,-1.642957092004986297e-01,-1.661368812584007870e-01,2.251744581482535978e-01,-3.723770334495133533e-02,2.766114424780642400e-01,3.558314530235626161e-03,-1.100576560208842425e-01,1.144791698772503752e-01,-4.003229211214646283e-02,-6.461533846885357535e-02,-7.759883967975275861e-03,-7.689632959137995827e-02,6.813375560276081766e-02,-1.381382995324308416e-01,7.051682650307304623e-02,4.351052575471844180e-02,3.133121453983300775e-02,2.017924146422488685e-01,-7.443122562306443701e-02,-2.258721552343401912e-02,-1.458527973372300002e-01,1.046662447134426473e-02,-5.416086834664343708e-02,-9.961980733481874684e-02,-1.235497457795893261e-01,-7.239293125307295906e-02
7.336903519145933361e-02,2.361194740079091969e-01,1.190015300612926041e-01,3.486628217659605289e-01,-5.224084200247605322e-03,-1.347380558594235556e-01,2.031923078134028893e-01,2.987828074486072877e-02,2.821312640451227594e-02,-4.610010598785754810e-02,2.231010814071180681e-01,-1.268023835635669061e-01,-1.576563821435132684e-01,1.147334132675514040e-01,-6.364957118361561084e-03,-6.363337776605063056e-02,-1.510764779766622934e-01,-9.887596931347564233e-02,8.586237260803811222e-02,4.862891207521522624e-02,-3.070227104897809561e-02,-5.811505764546476271e-02,-7.503639386184542126e-02,2.842823958541344787e-02,-2.816454593768853015e-02,6.343067959918714804e-03,-8.084887191988066046e-02,6.720163845983037620e-02,-4.562053322857755749e-02,3.976957813501724032e-03
1.044468862331265069e-01,2.318611649988455981e-01,3.181313500015986451e-01,2.503294449423736356e-01,6.853706920839899852e-02,-2.813267853795270446e-01,5.253997796036646850e-02,3.286949441420265738e-02,-1.405690113146393916e-01,-3.484973755256175892e-02,1.908577868383561360e-01,-1.169688428876853592e-01,6.130610746153000723e-02,-2.432639394775945943e-02,1.039758304396574268e-02,-4.402628258016107882e-02,-2.988464949005122107e-02,1.304181149179380328e-01,-1.554418272635769288e-02,-8.550403982150742155e-02,1.977040730734526928e-03,7.618486734829637078e-03,1.851947441770220373e-02,6.619325062758356359e-02,-1.070087955065470581e-02,3.446198299099532611e-03,4.819036228630262098e-02,1.819441459466302619e-02,8.462595993180078990e-02,1.792851622354541853e-03
1.377529090271928103e-01,-6.399291782819710450e-02,-1.685741195132593739e-01,-3.745163045843087346e-01,1.875551069070668653e-01,-1.840825675564422836e-01,3.213797545899542418e-02,4.116692776372911644e-01,-1.479447430388524110e-01,2.202768189157223444e-01,-9.101642665897058393e-02,-2.000514680631779174e-01,-1.505402939513507676e-01,-8.197691881689015206e-03,-9.357606371281748658e-02,-3.427690362544127262e-02,-3.129019874142140167e-02,-2.235091580440579928e-01,7.331911426207811389e-02,-3.721396608030277248e-02,-4.536583486901373669e-02,-7.513602477858032092e-02,-1.076611186523799141e-01,-4.130447269043324710e-02,-3.095405422080791183e-03,-8.007342726686322854e-02,2.264128666921574537e-02,8.072472885398201958e-02,2.995273509423823644e-02,1.726512189647346623e-02
4.707516549975571118e-02,8.893576896983483582e-02,-1.670711471452537289e-01,2.714856670350326850e-01,2.484262182492835702e-01,1.024535615798080751e-01,-7.237598032855895036e-02,5.576357992851870699e-02,4.163840430263300307e-01,9.439732186396752878e-02,-1.519723208163695494e-01,9.612592427679166052e-02,1.108371554091511363e-01,-1.007334256362625025e-01,-2.290552311872459668e-01,4.763432502485308306e-02,5.560257443230744862e-02,1.011269914510088408e-01,-6.632274134661335363e-02,-5.445303460037009824e-02,3.035823560906750727e-03,-1.246887570272083891e-02,-9.018539594219193711e-03,2.335363818270535033e-02,7.787784460144386856e-03,-1.216875699431310132e-01,-9.586367290881320224e-02,1.533723119086989051e-01,6.051749085650288962e-02,-2.527017593419457822e-02
1.409330763260335240e-01,2.358353890183737533e-01,2.952276128247603992e-01,2.080243160559613891e-01,1.072535777240614663e-01,-2.110436966215599452e-01,6.147291125000325929e-02,1.227322223377635968e-01,-1.927132891844927920e-02,-9.356513206995180007e-03,2.972938149184394252e-01,-8.271691778716236398e-02,-8.112857776394279824e-03,9.276052156294606332e-02,1.573445338366440127e-02,-5.722739952650445633e-02,-6.104093427324760318e-02,1.414724563911045063e-01,-4.580134441931154460e-02,-1.052224189181631825e-01,-1.992592521872271587e-03,-4.068133341319941920e-02,5.624336506204088981e-02,-3.641835455180509988e-03,1.075738966803428814e-01,5.436715975519949839e-02,-5.233858446809298848e-02,1.237877869193934784e-02,3.232463261679008326e-02,-1.290849429718586294e-01
8.436516358778944902e-02,2.707216475392551502e-01,1.363773982721500945e-04,2.119732774461200592e-02,-1.641747345068238217e-01,3.247148266787316384e-01,1.254752457518277242e-01,-1.425423680657839920e-01,-1.844547537716439978e-01,5.202942016716065599e-01,1.447148119573094527e-01,9.335582608222832424e-02,-4.470155293283752107e-02,2.324793976305901747e-02,-4.608627071685356819e-02,-1.082914859296340154e-01,1.722636900940655580e-01,2.624137433470729100e-02,-1.259824347322027055e-02,3.650286386141345010e-03,-1.237441568220381399e-02,-2.351249555605722588e-02,7.353250406289725538e-02,-6.221420678699137591e-02,5.433618075571863826e-02,4.454062788014057778e-02,-1.250334136088647741e-01,1.559913689214606318e-02,-9.246426416895699163e-02,1.525713148586103074e-01
7.032963053005916731e-02,8.393440280739555837e-02,1.973135148627145341e-01,-3.424726338092370925e-01,1.966176990980149364e-02,5.633345949052206980e-02,-4.932471350621204370e-02,-3.581573033970538722e-01,2.665399622337688013e-01,-6.934221054049587163e-02,4.295250004164685720e-02,-4.062819869492292346e-01,-1.567004725500778239e-01,-4.387184608673656144e-02,-1.110415129043417631e-01,4.913408520283690795e-02,1.887133009829865538e-01,-6.247784091379041116e-02,6.774403200753913515e-03,-3.160151521698158997e-03,-2.662536623345734127e-02,7.256574841484000893e-02,-5.116938176612143008e-02,5.584071739622058217e-02,-7.763663193591991904e-03,5.278347290030760419e-02,-1.172748065281707941e-01,1.896243329233150005e-03,7.054415268183301599e-03,-3.227773782040246897e-02
-5.163210592078917305e-01,-9.993349699092246574e-02,6.467828014442186801e-02,-5.594969333574195680e-02,-2.366363691787834109e-02,-8.970053834168364992e-03,-5.370104417201092273e-02,1.585349835696915274e-02,6.143992879032536547e-02,6.600765754157581627e-03,2.362562563505572200e-01,1.027024581440348361e-01,1.486881429234270802e-01,-1.596109721785514135e-01,-2.220819539827249139e-02,4.666612325148863927e-02,-6.587357785715425296e-02,-1.568525388352564331e-01,-6.324984748491864484e-02,1.383043129014700952e-02,5.983564157266028916e-02,-5.611899110405142027e-02,-4.742587287813025687e-02,-5.920751850818059547e-02,3.493781616919983124e-02,1.155758349538734686e-01,1.174456422274201134e-02,4.125773335745878262e-02,-4.514487463628567843e-02,-5.664286811502045049e-02
8.312266987646713123e-02,1.921130322431111037e-01,-9.282741233844943318e-02,3.415819463486187701e-01,1.552268653656862507e-01,1.973043971580173278e-02,6.871439922228900210e-02,3.858762353712654608e-02,3.368390995359177298e-01,6.828174910140273612e-02,-2.974298156251523745e-02,6.809177784340091077e-02,-2.568140392737336408e-02,3.404863068722649433e-02,-1.467416338187713387e-01,1.871575662582423277e-02,1.022604057027668920e-02,1.317344752400078679e-03,-1.096938036491880257e-03,1.922291126028876501e-02,6.335674269367684575e-02,-3.316661055479495218e-02,-6.682202698531733431e-02,8.015135547883811551e-02,1.566708976460251534e-02,-7.964616316364836468e-02,9.061065870927944438e-03,4.593789571928229981e-02,-1.243870908338262360e-01,-3.466295446967296301e-02
-3.048242321159851942e-01,-2.787530932703251307e-02,6.402367143931818327e-02,6.229095168614222355e-02,-2.252487067202555912e-02,-8.771407288752573750e-02,8.735331728897481607e-02,9.031339671542584768e-03,-7.969042655287633670e-02,3.643414361842437638e-02,-1.975635018990418434e-01,-1.182379906942690739e-01,-1.566060369138179142e-01,-1.604065571476631646e-02,4.501998021547168327e-02,-1.047616959951579857e-01,-2.175675184488452124e-02,-3.412520489285938291e-02,8.552015662407588814e-02,-1.384468346125893312e-01,-8.368412778059007573e-02,-4.437495869086267170e-02,6.611095576109127236e-02,1.429832812487755456e-01,8.965807681107734739e-02,1.472583415081444025e-01,2.604606427062945012e-02,1.221248824856992349e-01,-5.384470656380886677e-02,-7.896812279984107008e-02
-5.518939533113010887e-01,-5.123020568279588322e-02,-6.002922956447394320e-03,4.595097775960270414e-02,-2.455035966772475126e-02,-5.512517146266245407e-03,-3.751699203509846481e-02,-6.553183710364353029e-04,3.960205458724402189e-02,2.002978009153922809e-02,1.607660447374693047e-01,7.851162559921370798e-02,1.333025156773622599e-01,-4.509519965206131714e-02,-5.323016704666308496e-02,2.345169428953081808e-02,-2.516484200101627711e-02,-1.130468869974842611e-01,-3.811438571730813019e-02,7.749199990381810434e-03,3.423718181468164701e-02,-4.080504791549957599e-02,-4.755096873302634697e-02,-6.112156632034669579e-02,3.909733169471284187e-02,5.909179289693532178e-02,-2.895154780984690590e-02,1.607650643482009048e-02,-4.763846499646088792e-03,-1.946224994582736179e-02
1.479159012695804576e-01,2.395539369828102172e-01,3.943236800924792007e-01,5.836779242607521151e-03,8.562028275890956608e-02,-2.952083728962350828e-01,-1.160983857455665513e-01,-1.030630730616533680e-03,-1.407343016833624560e-01,8.891940703944452296e-03,-8.253272570532391161e-02,2.500603045835053662e-02,2.053297057205480947e-01,-6.908337519765334056e-02,3.010261093622935286e-02,8.505182559559198996e-02,1.828022480583156861e-01,-1.902052284382604874e-02,3.714506257280705825e-02,-3.827283439401258508e-02,3.106905915879180219e-02,8.249557614837677022e-02,-5.870489808641084217e-02,1.022075070645669936e-01,-2.644355751900624024e-02,-5.944088318817340733e-02,8.920647290832571519e-02,-1.246168851487346046e-01,4.037065434391427614e-03,1.617457646153046547e-01
-1.068747370263535140e-01,7.508318361666514729e-02,1.579871603304853767e-01,-2.743922108388752723e-01,-4.563040774006928840e-04,7.273757453210862034e-02,-1.631858257914951538e-01,6.109574444216712974e-02,2.819260477184816205e-01,-8.229560844119045843e-03,9.035946115428601655e-02,7.301410330595675680e-02,-2.039688106430818104e-01,-5.896128276393391987e-02,2.766747108340480432e-01,-2.068098764519220034e-01,-9.530895063082743535e-02,1.729938388188340115e-01,1.077539951708724186e-01,7.511651939181458737e-02,-4.394540748157717280e-02,-5.180016718118291008e-02,8.288777379614530039e-02,-6.424445247677182391e-02,-3.428353581692134000e-02,-7.725811501638055190e-02,2.674594150535757053e-02,6.215091867610323707e-03,8.210413368925123523e-02,1.309894928750014453e-01
-4.734243895839737037e-01,-3.185448161598798678e-02,7.046491844018486217e-02,-5.805620124749863442e-02,-2.876751615318920777e-02,-2.563325792868456285e-02,-8.215579982400451897e-02,2.770186200449666417e-02,7.736162153897521709e-02,2.176062021108182698e-02,2.231434080074392867e-01,6.561269758999468960e-02,1.245293165784527450e-01,-2.358804855903186004e-01,-2.354094806797367781e-02,2.610458792945183348e-02,-5.227575573923994717e-02,-1.835708854745967122e-01,-3.708336586806295493e-02,2.573001238944404301e-02,3.982995693415097849e-02,-5.668672004616297222e-02,-5.476183298249687886e-02,-6.147242801127381084e-02,-2.172682780473466670e-03,9.442643762074542924e-02,1.549432457808896588e-02,6.115636284326263217e-02,-4.020512067300407999e-02,-3.895738790957545966e-02
1.522158362422043054e-01,2.605190540376878805e-01,4.054737699287137564e-01,7.691965240728164399e-02,1.075185923961736179e-01,-3.282471093377807847e-01,-4.965498772811609285e-02,-2.973060133231755081e-02,-1.198492684046552209e-01,-3.317387434342005705e-03,6.538974373680900287e-02,1.157241250016489108e-02,1.185406119709636608e-01,9.969398032776445595e-03,-2.034488664507790728e-02,2.728115958246145681e-02,3.817078448849890726e-02,1.120679392822293008e-01,4.380419281411921523e-03,-2.790134959571568748e-02,-2.379265921400157760e-03,2.703207111021568854e-02,2.866686497434023373e-02,4.601899195235222007e-02,-1.622259512793357283e-02,-2.764291355629296815e-02,4.574987763078922076e-02,-5.155871203734090080e-02,1.237671130188118945e-01,4.086314781464278623e-02
-4.397995766705980469e-01,-3.829997073680518199e-02,-1.066821947005804419e-03,6.150873111304520219e-02,-4.104938229975875832e-03,2.364802793861274163e-02,-8.532107989824622152e-02,1.378053825581344351e-02,-1.623336446252315185e-02,4.634859539513862259e-03,-7.201731768483343732e-02,1.645645694622142885e-02,-4.818488546808720463e-02,1.321059818665063779e-01,-7.734512514611600886e-02,-2.903212370341085730e-02,5.214887235126082314e-03,6.484742467397969223e-02,4.687548522528139916e-02,-4.580236156484936844e-02,-2.081819406219165280e-02,6.358157200661496145e-02,6.753959909038116660e-02,5.705412143745397513e-02,-7.435755565135895861e-02,3.913162478894069429e-02,-2.991445324213052454e-02,-1.547649618946843608e-01,2.717314262648780690e-02,-9.735507110059753860e-03
-6.337162683680288566e-01,-8.001545122865180715e-02,5.279588188500046464e-02,7.222384041158199340e-03,-9.189154268562296779e-02,-3.627159503845477084e-02,2.126417135043730949e-02,2.619822894428542465e-02,-3.207850647277273037e-02,1.314923546836809952e-03,-9.991045323870662020e-02,-5.240194981960238918e-02,-3.424527645260131564e-02,1.432549636598350329e-01,-4.903840048499115423e-02,4.424354850466501177e-02,6.570030077728322704e-02,1.093802460036488178e-01,-1.083043802697641021e-02,8.230528984168854895e-03,-3.360477854542806911e-03,2.304704135223293454e-02,1.142885429906539789e-02,4.859009625624684942e-03,2.322005597455505891e-03,-7.701390475562540361e-02,-1.206698188337442836e-02,-1.114854061282223238e-02,-1.182921901073963333e-02,2.584623896287110804e-03
-6.254491974237852414e-01,-8.948150296859397335e-02,5.822233438555940443e-02,-2.353321941188296629e-02,-8.860875894632408434e-02,-1.614801540612008368e-02,2.107794270615924795e-02,1.270958614718521555e-02,-4.372901292749328817e-02,-4.455665426093406364e-03,-8.592427515086839551e-02,-6.526736967388734045e-02,-4.587925559586945867e-02,1.633486915056257538e-01,-4.864322341336290573e-02,5.967903738598406144e-02,6.775348453872415133e-02,1.210200566695262686e-01,-1.847491169943977357e-02,1.268730142900534145e-02,-9.114176330096861178e-03,2.773554001521213661e-02,1.922751024134327497e-02,3.180060203450572540e-03,-9.977982307843967155e-03,-9.863392539128998382e-02,-1.047144004180738074e-02,-2.531209160500896491e-02,-6.706976780329739103e-03,1.932200910127233884e-02
-6.483488228258733610e-01,-9.003885705008340956e-02,4.509004021660364958e-02,3.591079130065313180e-03,-9.696051806765371150e-02,-2.029873028383602507e-02,-4.053058264826893062e-03,3.118429988782123186e-02,-4.430218323471701858e-02,-5.704602118004310773e-03,-7.221869640730620155e-02,-3.407428826503709762e-02,3.816950113884227946e-03,1.661727960882856125e-01,-6.424091473396228991e-02,7.284165913699930384e-02,5.677328901376289816e-02,8.840547464545779610e-02,-2.394913901277139628e-02,1.839887185861730293e-02,1.018180360993679520e-02,2.404268233037487254e-02,-4.003563611276666351e-03,-1.224921153066030333e-02,-5.234333322630541942e-03,-9.896202376792460897e-02,-1.515524756461847887e-02,-1.428536303636212569e-02,3.958102625895716133e-03,3.028450307747821563e-02
-5.512877831000548845e-01,-9.300600910805788268e-02,8.845781756459125678e-02,-6.198849133079901985e-02,-7.086212246052685237e-02,-6.934192745355271907e-03,-2.915795186300924879e-02,8.766905416117590222e-02,1.961868740623512464e-02,1.079162502999513398e-02,4.626846421438579604e-02,1.881863929002458233e-02,8.274027882962847746e-02,4.987519314727586334e-02,-1.769158636851158109e-02,3.280890484252002581e-02,2.401635507575499220e-02,1.889340601597799124e-02,-3.495353465306483970e-02,3.233483706807056129e-02,-2.025878303083685807e-03,2.454634932789415136e-02,-2.517759562299170736e-02,3.457259237439458573e-03,-1.279579252385193433e-02,-7.891104663186154777e-02,-1.915181650963440271e-02,-9.755730694145295714e-03,2.244608899535753890e-02,6.170783944770477647e-02
-5.584863816841394435e-01,-8.325246046993266258e-02,3.921339552775941067e-02,3.102954507621451252e-02,-9.774651056171648755e-02,-3.099497909018149311e-02,3.403122809068359622e-02,6.591062234152215808e-03,-7.862269639559325840e-02,-1.242290922334171252e-02,-1.896810003249679299e-01,-8.507176228948298835e-02,-1.096879526669491955e-01,1.280722805857381352e-01,-5.544893220780515442e-02,2.705932689930347010e-02,2.035259993653038349e-02,1.106028008364708104e-01,2.086818174715415058e-02,-2.556036750813952922e-03,6.575280863894847339e-03,1.631330479282264503e-02,2.694606932985793568e-02,2.887079032365971049e-02,-4.637206669090811889e-03,-3.630502104023250812e-03,3.812255151977888244e-03,2.909443521825468698e-02,-1.735983740382503193e-02,-4.549649258974343413e-02
-5.966415813303391769e-01,-8.398322388407493400e-02,2.892370851824541123e-02,4.884642834901834624e-02,-6.239845256188190914e-02,-3.163437443194043464e-02,5.190024376480666807e-02,2.045263370202417968e-02,-4.981859398090589253e-02,6.194790521472436778e-03,-1.664052131814006685e-01,-5.839669379034442137e-02,-9.704716261054531501e-02,1.654848495703877265e-01,-6.505662760555921964e-02,3.814574324467311095e-02,4.028592591342753521e-02,1.391876770575435907e-01,1.134865787134272525e-02,-2.147495615209608216e-02,-8.843999605203331851e-03,1.276139943414922838e-02,5.744092533340278139e-02,2.666168546991209976e-02,-6.204998444333467353e-03,-5.128268590827059908e-02,1.489332809393251189e-02,-1.610365437365957053e-02,-2.446013574529810365e-03,-4.943293299493122656e-03
-5.343357937340574848e-01,-1.108284371593889761e-01,5.996381977519082973e-02,-4.493756772318151932e-03,-1.044373454146390046e-01,2.244392222333628853e-02,-1.743163531415237860e-02,1.227962978412039299e-03,-4.452350473471314990e-03,-3.327053754977975925e-02,9.791179345430461867e-02,5.646363663161466095e-02,1.291403448409544630e-01,6.610209262408267561e-03,-3.684011303106093926e-02,4.702173055812577940e-02,-1.479016008038165977e-02,-9.158198935694059073e-02,-4.607059914011001067e-02,1.163204478905139651e-02,2.858508111980768984e-02,-1.067019439804964623e-02,-7.031918131657016735e-02,-5.148480149893648258e-03,1.164686498057163067e-02,-1.128101435963793295e-02,-1.162654847422288536e-02,-2.177117488947714549e-02,2.589557961395893421e-02,4.190683283891301347e-02
-2.920547154174983895e-01,6.066197034198089408e-03,-9.426040549929917689e-02,1.033144974021799056e-01,4.432684422479420128e-02,9.691874210421044800e-02,-2.356259000456206731e-01,6.124669885542599439e-03,9.018645261976787619e-02,-1.190687090585402022e-02,9.220661883252888325e-02,1.528121413658178884e-01,1.608264814272622467e-01,-2.660671314955272843e-02,-1.324715567763681545e-01,-1.315475898527626586e-01,-1.062156399643416904e-01,-1.740293134805930286e-01,4.513714576079731061e-02,-4.403927165773275504e-02,1.556759332362528999e-03,1.524905292501030699e-02,-4.725731606837196841e-02,4.577588797581090552e-02,-2.705781241790710528e-02,1.525874488496782866e-01,-7.731908178829553779e-02,-8.798336733111594699e-02,1.295268398711771074e-01,2.612846744878784960e-02
1.411243982496288296e-01,2.030819542602517458e-01,2.965412808051324789e-01,-2.015488439415405453e-01,8.502696104736071070e-03,-1.372747280204014708e-01,-1.925705516888726598e-01,-2.042151329613192123e-01,1.198024689254305677e-02,1.376266176830698122e-02,-2.284517226458991912e-01,2.489762007077329364e-01,-7.327100797090918549e-02,4.818528366115171213e-02,-3.587023593275927291e-02,-6.713121218636670939e-02,-5.791787027008650501e-02,-1.019235255014731001e-01,1.311503221412787905e-02,1.650130339961473208e-02,-1.196069071918133379e-02,-5.960888465247479728e-02,9.455342122424632845e-02,-2.085468631760110103e-01,4.033328614346936430e-02,3.638641458673033333e-03,-1.078858366580976169e-01,1.322035108895353583e-01,-2.055904474259313136e-02,-1.479787770754370513e-01
1.582340344760579387e-01,2.656377007152260217e-01,3.970335041787034225e-01,-7.372777096151682252e-02,6.373771754396038991e-02,-2.859799528266491198e-01,-2.038751629091454520e-01,-1.587837273310655217e-01,-1.019386297854527057e-01,5.603899488362621903e-03,-2.069155388098493920e-01,1.576745847010379287e-01,1.090467479347666385e-01,-3.954385733583919843e-02,-1.127627321244468669e-02,3.077028099273021455e-02,9.582530556354548756e-02,-6.428161373206581208e-02,4.910981691786601988e-02,6.698891598619957644e-03,7.504391424619937315e-03,2.301206145368344183e-02,1.675850594183308367e-02,-3.879416593221679532e-02,-1.111554693652147367e-02,-5.993949552948964199e-02,8.069681330497763261e-03,-1.439392137364801059e-02,3.096329871498518932e-02,2.892156855518687730e-02
5.576342703731039518e-02,1.337762599392911533e-01,-3.970159797035021504e-02,1.607815286219243245e-01,4.768938890647854423e-02,1.650336409841576535e-01,-1.294717809129898867e-01,4.298526579368136535e-02,1.021647126915272152e-01,3.990051443280449167e-02,-2.722048836951893036e-01,-1.369936692779116783e-01,-1.105430837328742338e-01,4.614271133000752423e-02,-5.914490941440593563e-02,1.235912564062194643e-02,-1.067434583907483775e-01,-5.365966725179995706e-02,-2.172977752100276883e-01,-1.054888676660153679e-01,-6.806846581755687797e-02,-1.472616112616518813e-01,8.587520178203952859e-02,-6.342163576859971563e-02,2.046110790967610171e-01,5.507267330221534696e-01,2.351955129892270846e-01,-2.358510074063162321e-01,1.762326170481827992e-01,2.037733641672891394e-01
-1.883597445194705733e-01,9.942112450639628562e-02,7.509948592003540258e-02,-1.729973781725102078e-01,6.246841800776367637e-02,4.318360570196495135e-02,-1.423708579749319025e-01,2.038134782416499147e-01,2.205388022722961638e-01,9.168886613465321300e-02,9.026078250633504108e-02,3.926966951230600328e-02,-1.242508294404170432e-01,-1.542891690838426588e-01,3.413129435334230077e-01,-1.699923010552229496e-01,-8.534829715634177638e-02,7.662915814875106979e-02,1.326835524778789410e-01,6.799133924174052823e-02,-8.447352070717899231e-02,-3.344689625545668732e-02,1.373358016958433070e-01,-9.915741618805806734e-02,-4.070655376351439703e-02,-1.452724952396252656e-01,2.508118530720220354e-02,-1.194406197033854970e-02,5.921915112247908008e-02,1.732383976805210724e-01
1.433966722537972915e-01,2.522832996576147013e-01,2.985008813255553561e-01,-7.153933678027295240e-02,3.317169427885739708e-02,-2.288946016487911073e-01,-1.518798402664456870e-01,-9.575659897733773684e-02,-7.565629248030691922e-02,7.192109394388862542e-02,-2.772259673457393436e-01,1.227649086661335431e-01,1.250532633547052630e-01,-5.829163688678443145e-02,-7.468497825583482810e-03,5.275116747137362228e-02,6.505605210124890125e-02,-2.162490192302161662e-01,1.299462488599862318e-03,8.870613126527811948e-03,-1.008388954137874743e-01,-6.265777115231919991e-02,-2.467808741391735311e-02,-4.850947083882892891e-02,-4.003888362935709155e-02,-5.271684833037360712e-02,1.386134302093370435e-02,-9.121528259083394596e-02,-1.717087795932520367e-01,-1.064636150822119778e-02
-2.066494847183705241e-01,8.295462230045475699e-03,1.069961676787500870e-01,-1.250732884337283357e-01,4.891750480959070058e-02,1.783938299081670731e-02,-1.604415797029470903e-02,1.668497161460704148e-01,2.679488290902697356e-01,6.619679590552832171e-02,1.154314642798576727e-02,6.073491774511886182e-02,1.963537444550504663e-02,-1.498940738530629146e-01,3.291193217901380308e-01,-1.370386823878887439e-01,5.009270618423009719e-02,1.460980307295627334e-01,1.671868298284465149e-02,-3.468740336096279991e-02,-2.839439877486362590e-02,7.117376351490102560e-02,7.016259894340423631e-02,1.514350229882699406e-01,6.002114436872158648e-02,3.926485307724237456e-02,2.321861656151272962e-02,-9.038673982595979428e-02,-1.283503741730896430e-01,-7.607283998132381708e-02
